{"_step":1,"total_examples":850,"_timestamp":1.756674236730382e+09,"_runtime":25,"loss":3.996659517288208,"trainable_parameters":6815744,"epoch":1,"_wandb":{"runtime":25},"step":1}